model,precision,recall,fscore,accuracy,tp,tn,fp,fn
deberta,0.875,0.25,0.3888888888888889,0.6333333333333333,7,31,1,21
female,0.7142857142857143,0.7142857142857143,0.7142857142857143,0.7333333333333333,20,24,8,8
negative,0.5,0.42857142857142855,0.46153846153846156,0.5333333333333333,12,20,12,16
swear,0.75,0.32142857142857145,0.45,0.6333333333333333,9,29,3,19
female_negative,0.7692307692307693,0.35714285714285715,0.4878048780487805,0.65,10,29,3,18
ensemble,0.8888888888888888,0.2857142857142857,0.43243243243243246,0.65,8,31,1,20
