model,precision,recall,fscore,accuracy,tp,tn,fp,fn
female,0.3247835497835498,0.9634028892455859,0.4857952246054229,0.47058333333333335,3001,2646,6239,114
negative,0.3504101116041414,0.8365971107544141,0.49393479909021987,0.555,2606,4054,4831,509
female_negative,0.4305204648812532,0.820545746388443,0.5647370746796289,0.6716666666666666,2556,5504,3381,559
swear,0.3987301587301587,0.8064205457463884,0.5336165693043017,0.6340833333333333,2512,5097,3788,603
ensemble,0.5364223144306132,0.7470304975922953,0.6244465315980142,0.76675,2327,6874,2011,788
deberta,0.7245005257623555,0.6635634028892455,0.6926943699731903,0.8471666666666666,2067,8099,786,1048
female_swear,0.47751937984496123,0.7910112359550562,0.5955287009063445,0.7210833333333333,2464,6189,2696,651
